{"stats":{"minecraft:used":{"minecraft:wheat_seeds":18,"minecraft:oak_fence":26,"minecraft:oak_trapdoor":8,"minecraft:water_bucket":9,"minecraft:netherite_sword":107,"minecraft:writable_book":6,"minecraft:polished_andesite":2,"minecraft:oak_planks":731,"minecraft:ladder":5,"minecraft:chest":2,"minecraft:composter":1,"minecraft:glow_ink_sac":2,"minecraft:sugar_cane":8,"minecraft:oak_door":6,"minecraft:dirt":11,"minecraft:anvil":1,"minecraft:white_carpet":4,"minecraft:crafting_table":1,"minecraft:carrot":8,"minecraft:cyan_dye":2,"minecraft:pumpkin_seeds":3,"minecraft:oak_log":75,"minecraft:netherite_shovel":15,"minecraft:oak_stairs":92,"minecraft:lantern":7,"minecraft:grass_block":687,"minecraft:lectern":1,"minecraft:netherite_hoe":32,"minecraft:cat_spawn_egg":6,"minecraft:melon_seeds":1,"minecraft:crimson_sign":3,"minecraft:sweet_berries":17,"minecraft:furnace":2,"minecraft:waxed_oxidized_cut_copper_stairs":1,"minecraft:beetroot_seeds":2,"minecraft:glass_pane":53,"minecraft:egg":14,"minecraft:potato":10,"minecraft:bone_meal":6},"minecraft:custom":{"minecraft:interact_with_furnace":4,"minecraft:mob_kills":42,"minecraft:interact_with_anvil":1,"minecraft:animals_bred":2,"minecraft:interact_with_crafting_table":1,"minecraft:leave_game":3,"minecraft:time_since_death":133698,"minecraft:climb_one_cm":1603,"minecraft:time_since_rest":133698,"minecraft:sprint_one_cm":28254,"minecraft:walk_one_cm":205873,"minecraft:drop":21,"minecraft:damage_dealt":7056,"minecraft:fly_one_cm":406897,"minecraft:crouch_one_cm":2468,"minecraft:play_time":133698,"minecraft:sneak_time":2948,"minecraft:interact_with_lectern":1,"minecraft:jump":445,"minecraft:total_world_time":133698},"minecraft:killed":{"minecraft:pig":3,"minecraft:spider":14,"minecraft:creeper":10,"minecraft:phantom":2,"minecraft:skeleton":4,"minecraft:zombie":7},"minecraft:dropped":{"minecraft:gravel":1,"minecraft:gold_ore":2,"minecraft:redstone_ore":1,"minecraft:porkchop":4,"minecraft:oak_trapdoor":1,"minecraft:deepslate_redstone_ore":1,"minecraft:emerald_ore":1,"minecraft:diamond":1,"minecraft:deepslate_emerald_ore":1,"minecraft:copper_ore":1,"minecraft:deepslate_gold_ore":1,"minecraft:stone":2,"minecraft:deepslate_copper_ore":1,"minecraft:coal_ore":1,"minecraft:oak_stairs":1,"minecraft:phantom_membrane":1,"minecraft:written_book":1},"minecraft:picked_up":{"minecraft:gunpowder":8,"minecraft:oak_trapdoor":1,"minecraft:string":12,"minecraft:bone":13,"minecraft:bow":1,"minecraft:wheat_seeds":2,"minecraft:written_book":8,"minecraft:phantom_membrane":1,"minecraft:egg":6,"minecraft:porkchop":4,"minecraft:spider_eye":4,"minecraft:arrow":9,"minecraft:rotten_flesh":10,"minecraft:writable_book":1,"minecraft:ender_pearl":1}},"DataVersion":2730}