{"stats":{"minecraft:used":{"minecraft:calcite":4,"minecraft:mossy_stone_bricks":340,"minecraft:end_rod":8,"minecraft:amethyst_block":39,"minecraft:polished_deepslate":56,"minecraft:spruce_door":1,"minecraft:flint_and_steel":8,"minecraft:redstone":3,"minecraft:oak_planks":7,"minecraft:ladder":38,"minecraft:polished_basalt":23,"minecraft:spruce_planks":26,"minecraft:mossy_stone_brick_stairs":3,"minecraft:black_glazed_terracotta":90,"minecraft:red_nether_brick_stairs":2,"minecraft:large_amethyst_bud":8,"minecraft:polished_blackstone_bricks":2,"minecraft:gilded_blackstone":75,"minecraft:oak_door":1,"minecraft:polished_deepslate_slab":30,"minecraft:dark_oak_trapdoor":5,"minecraft:dirt":923,"minecraft:vine":166,"minecraft:spruce_stairs":74,"minecraft:crimson_hyphae":44,"minecraft:deepslate_tile_slab":21,"minecraft:white_bed":1,"minecraft:glow_lichen":63,"minecraft:spruce_fence":14,"minecraft:cobbled_deepslate_stairs":34,"minecraft:deepslate_brick_stairs":32,"minecraft:small_amethyst_bud":3,"minecraft:deepslate_tiles":31,"minecraft:sticky_piston":3,"minecraft:amethyst_cluster":4,"minecraft:netherite_block":2,"minecraft:lava_bucket":26,"minecraft:warped_trapdoor":2,"minecraft:crying_obsidian":107,"minecraft:warped_hyphae":82,"minecraft:lantern":7,"minecraft:grass_block":152,"minecraft:oak_stairs":6,"minecraft:slime_block":8,"minecraft:warped_fence":7,"minecraft:stone_button":8,"minecraft:spruce_pressure_plate":4,"minecraft:polished_blackstone_brick_stairs":30,"minecraft:spruce_trapdoor":2,"minecraft:smooth_quartz":2,"minecraft:stone_brick_stairs":122,"minecraft:stone_bricks":430,"minecraft:soul_lantern":26,"minecraft:crimson_sign":1,"minecraft:basalt":15,"minecraft:gray_glazed_terracotta":8,"minecraft:medium_amethyst_bud":5,"minecraft:chain":34,"minecraft:black_candle":24,"minecraft:wither_rose":10,"minecraft:pointed_dripstone":17},"minecraft:custom":{"minecraft:mob_kills":1,"minecraft:leave_game":4,"minecraft:time_since_death":206192,"minecraft:climb_one_cm":10447,"minecraft:time_since_rest":206192,"minecraft:sprint_one_cm":2348,"minecraft:walk_one_cm":143432,"minecraft:drop":25,"minecraft:damage_dealt":30,"minecraft:fly_one_cm":465707,"minecraft:open_chest":2,"minecraft:crouch_one_cm":4622,"minecraft:play_time":206192,"minecraft:sneak_time":5557,"minecraft:jump":283,"minecraft:total_world_time":206192},"minecraft:dropped":{"minecraft:oak_door":1,"minecraft:vine":2,"minecraft:cobbled_deepslate_stairs":1,"minecraft:polished_deepslate_slab":1,"minecraft:amethyst_block":1,"minecraft:warped_hyphae":1,"minecraft:deepslate_tile_slab":2,"minecraft:grass_block":1,"minecraft:dirt":4,"minecraft:sea_lantern":1,"minecraft:deepslate_tiles":1,"minecraft:mossy_stone_bricks":1,"minecraft:crimson_sign":1,"minecraft:wither_rose":2,"minecraft:basalt":1,"minecraft:polished_basalt":1,"minecraft:stone_brick_stairs":1,"minecraft:acacia_planks":1,"minecraft:polished_deepslate":1},"minecraft:picked_up":{"minecraft:wither_rose":1,"minecraft:stone_brick_stairs":1,"minecraft:cobbled_deepslate_stairs":1,"minecraft:mossy_stone_bricks":1,"minecraft:vine":1,"minecraft:soul_lantern":1}},"DataVersion":2730}