{"stats":{"minecraft:used":{"minecraft:calcite":197,"minecraft:diorite":144,"minecraft:polished_deepslate":1553,"minecraft:chiseled_deepslate":2,"minecraft:red_concrete":489,"minecraft:polished_andesite":110,"minecraft:copper_block":1,"minecraft:chest":29,"minecraft:tinted_glass":609,"minecraft:stone":269,"minecraft:redstone_block":9,"minecraft:spruce_sign":1,"minecraft:deepslate_bricks":1,"minecraft:waxed_copper_block":7,"minecraft:diamond_block":2,"minecraft:anvil":1,"minecraft:crafting_table":1,"minecraft:deepslate_brick_slab":76,"minecraft:gray_concrete":120,"minecraft:granite":58,"minecraft:polished_diorite":110,"minecraft:lightning_rod":37,"minecraft:deepslate_brick_stairs":28,"minecraft:obsidian":7,"minecraft:polished_deepslate_stairs":62,"minecraft:deepslate_tiles":629,"minecraft:lever":5,"minecraft:netherite_block":9,"minecraft:sea_lantern":77,"minecraft:black_concrete":28,"minecraft:waxed_exposed_cut_copper_stairs":5,"minecraft:bookshelf":34,"minecraft:command_block":63,"minecraft:grass_block":19,"minecraft:polished_deepslate_wall":41,"minecraft:stone_button":8,"minecraft:smooth_quartz":381,"minecraft:chiseled_stone_bricks":2,"minecraft:redstone_lamp":1,"minecraft:waxed_cut_copper_slab":67,"minecraft:deepslate_tile_stairs":3,"minecraft:waxed_oxidized_cut_copper_stairs":19,"minecraft:andesite":121,"minecraft:chain":14,"minecraft:gold_block":16,"minecraft:stone_pressure_plate":1},"minecraft:custom":{"minecraft:interact_with_furnace":1,"minecraft:interact_with_anvil":1,"minecraft:interact_with_crafting_table":1,"minecraft:leave_game":2,"minecraft:time_since_death":219482,"minecraft:climb_one_cm":7060,"minecraft:time_since_rest":219509,"minecraft:sprint_one_cm":105236,"minecraft:walk_one_cm":278448,"minecraft:drop":294,"minecraft:damage_dealt":353,"minecraft:fly_one_cm":2595680,"minecraft:open_chest":2,"minecraft:crouch_one_cm":9821,"minecraft:play_time":220920,"minecraft:deaths":1,"minecraft:sneak_time":10812,"minecraft:jump":421,"minecraft:total_world_time":221101},"minecraft:dropped":{"minecraft:polished_diorite":1,"minecraft:spruce_sign":1,"minecraft:red_concrete":1,"minecraft:lever":1,"minecraft:waxed_exposed_cut_copper_stairs":1,"minecraft:tinted_glass":1,"minecraft:waxed_oxidized_cut_copper_stairs":2,"minecraft:rotten_flesh":13,"minecraft:granite":1,"minecraft:waxed_copper_block":2,"minecraft:grass_block":258,"minecraft:lightning_rod":3,"minecraft:polished_andesite":1,"minecraft:deepslate_bricks":1,"minecraft:redstone_lamp":1,"minecraft:gray_concrete":1,"minecraft:sea_lantern":1,"minecraft:stone":1,"minecraft:diorite":2,"minecraft:stone_button":1,"minecraft:andesite":1,"minecraft:smooth_quartz":1,"minecraft:arrow":9,"minecraft:calcite":2,"minecraft:written_book":8,"minecraft:bone":9,"minecraft:polished_deepslate":2,"minecraft:waxed_cut_copper_slab":2},"minecraft:crafted":{"minecraft:written_book":8},"minecraft:picked_up":{"minecraft:bone":9,"minecraft:written_book":1,"minecraft:stone_button":6,"minecraft:stone_pressure_plate":1,"minecraft:arrow":9,"minecraft:rotten_flesh":13}},"DataVersion":2730}